Domain,Status,Attractiveness,Demand,Length,Sectors,Created,Expires,Registrar
brief.wiki,expired,124,19%,5,"Business,Education,General,Law",07/08/2024 09:53,07/08/2025 09:53,Porkbun
complete.wiki,available,120,21%,8,"Manufacturing,Retail,Technology",,,
wizard.wiki,expiring,118,42%,6,"Entertainment,Media,Technology",07/09/2024 06:11,07/09/2025 06:11,"Chengdu West Dimension Digital Technology Co., Ltd."
tenth.wiki,available,116,7%,5,Mathematics,,,
flat.wiki,available,116,24%,4,"Construction,Real Estate",,,
equal.wiki,available,116,19%,5,"Education,General,Law",,,
hotshot.wiki,available,112,14%,7,"Business,Entertainment,Sports",,,
acute.wiki,available,112,9%,5,"Mathematics,Medicine,Science",,,
zero.wiki,resell,112,49%,4,Mathematics,22/06/2025 00:00,22/06/2026 00:00,Sav.com LLC
abiding.wiki,available,106,5%,7,"General,Religion",,,
expert.wiki,available,104,26%,6,"Business,Education,Technology",,,
active.wiki,expired,104,27%,6,"Health and Fitness,Sports,Travel",22/06/2024 00:05,22/06/2025 00:05,"Spaceship, Inc."
teen.wiki,resell,104,14%,4,"Education,Entertainment,Healthcare",07/12/2023 00:00,07/12/2025 00:00,"Sav.com, LLC - 2"
eight.wiki,expired,102,23%,5,"General,Mathematics",25/06/2024 15:06,25/06/2025 15:06,"DNSPod, Inc."
captive.wiki,available,102,14%,7,"Entertainment,Hospitality,Technology",,,
absent.wiki,available,102,8%,6,"Business,Education,Technology",,,
remove.wiki,expiring,100,13%,6,"Construction,Manufacturing,Technology",28/08/2024 06:55,28/08/2025 06:55,"NameCheap, Inc."
ninth.wiki,available,100,9%,5,Mathematics,,,
third.wiki,available,100,16%,5,Mathematics,,,
sixth.wiki,available,100,8%,5,Mathematics,,,
eighth.wiki,available,100,6%,6,Mathematics,,,
whiz.wiki,available,100,12%,4,"Business,Education,Technology",,,
adjunct.wiki,available,100,5%,7,Education,,,
abrupt.wiki,available,100,3%,6,"Medicine,Science",,,
genius.wiki,available,98,46%,6,"Arts,Education,Technology",,,
whizz.wiki,available,98,11%,5,"Business,Education,Technology",,,
doable.wiki,available,96,9%,6,"Business,Education,Technology",,,
forgiving.wiki,available,96,3%,9,"Healthcare,Religion",,,
alamode.wiki,available,96,12%,9,Fashion,,,
virtuoso.wiki,available,94,16%,8,"Arts,Entertainment",,,
about.wiki,available,94,28%,5,"Business,General,Media,Technology",,,
adequate.wiki,available,94,9%,8,"Education,Healthcare,Technology",,,
twentieth.wiki,available,92,3%,9,Mathematics,,,
derelict.wiki,available,92,7%,8,"Construction,Real Estate",,,
exemplary.wiki,available,92,5%,9,"Business,Education,Healthcare",,,
adept.wiki,expiring,92,24%,5,"Education,Health and Fitness,Sports",08/09/2019 05:35,08/09/2025 23:59,"NameSilo, LLC"
adjective.wiki,available,92,5%,9,Education,,,
nought.wiki,available,92,4%,6,Mathematics,,,
endearing.wiki,available,90,1%,9,"Entertainment,Fashion,Retail",,,
clear.wiki,available,90,47%,5,"Manufacturing,Retail,Technology",,,
abortive.wiki,available,90,1%,8,"Medicine,Science",,,
leash.wiki,available,90,7%,5,"General,Health and Fitness,Retail",,,
additional.wiki,available,90,8%,10,"Fashion,Retail,Technology",,,
gripping.wiki,available,90,3%,8,"Entertainment,Media,Technology",,,
addictive.wiki,available,90,9%,9,Healthcare,,,
adoring.wiki,available,90,2%,7,"Entertainment,Fashion,Retail",,,
riveting.wiki,available,90,6%,8,"Entertainment,Media,Technology",,,
sixteen.wiki,available,88,11%,7,Mathematics,,,
ten.wiki,expiring,88,28%,3,"General,Mathematics",01/09/2024 14:17,01/09/2025 14:17,Alibaba Cloud Computing Ltd. d/b/a HiChina (www.net.cn)
three.wiki,expired,88,24%,5,Mathematics,12/07/2024 08:10,12/07/2025 08:10,Xin Net Technology Corporation
adlib.wiki,available,88,7%,6,Entertainment,,,
proficient.wiki,available,88,8%,10,"Education,Health and Fitness,Sports",,,
activist.wiki,available,88,12%,8,"Humanities,Politics",,,
fifteen.wiki,available,88,13%,7,Mathematics,,,
hundred.wiki,available,88,14%,7,Mathematics,,,
wide.wiki,available,88,18%,4,"Business,Media,Technology",,,
twelve.wiki,available,88,18%,6,"General,Mathematics",,,
actionable.wiki,available,88,13%,10,"Business,Law",,,
star.wiki,available,86,40%,4,"Entertainment,Media,Sports",,,
engrossing.wiki,available,86,0%,10,"Entertainment,Media,Technology",,,
intent.wiki,available,86,25%,6,"Business,Education,Technology",,,
attendant.wiki,available,86,5%,9,"Healthcare,Hospitality,Transportation",,,
extempore.wiki,available,86,3%,9,Entertainment,,,
recondite.wiki,available,86,4%,9,"Arts,Humanities,Science",,,
adolescent.wiki,available,86,3%,10,"Education,Entertainment,Healthcare",,,
aboriginal.wiki,available,86,10%,10,Humanities,,,
xix.wiki,available,86,11%,3,Mathematics,,,
xiv.wiki,available,86,12%,3,Mathematics,,,
thousand.wiki,available,84,8%,8,Mathematics,,,
sharp.wiki,available,84,34%,5,"Arts,Fashion",,,
accessory.wiki,available,84,8%,9,"Fashion,Retail,Technology",,,
thirteen.wiki,available,84,10%,8,Mathematics,,,
twentytwo.wiki,available,84,11%,10,Mathematics,,,
adjustable.wiki,available,84,3%,10,"Manufacturing,Retail,Technology",,,
twentyone.wiki,available,84,13%,10,Mathematics,,,
deviate.wiki,available,84,12%,7,"Medicine,Science",,,
nineteen.wiki,available,84,8%,8,Mathematics,,,
fourteen.wiki,available,84,8%,8,Mathematics,,,
fivesome.wiki,available,82,1%,8,Sports,,,
decade.wiki,available,82,10%,6,Mathematics,,,
abkhaz.wiki,available,82,1%,6,Geography,,,
altered.wiki,available,82,9%,7,"Medicine,Science",,,
abenaki.wiki,available,82,2%,7,Geography,,,
enduring.wiki,available,82,9%,8,"Health and Fitness,Religion",,,
abdominal.wiki,available,82,1%,9,"Health and Fitness,Medicine",,,
abroach.wiki,available,82,1%,7,Food and Beverage,,,
cleansing.wiki,available,82,3%,9,Health and Fitness,,,
absorbent.wiki,available,82,3%,9,"Healthcare,Manufacturing,Retail",,,
capable.wiki,available,80,12%,7,"Business,Education,Technology",,,
adoptable.wiki,available,80,3%,9,"Education,Healthcare",,,
dorsal.wiki,available,80,6%,6,"Medicine,Science",,,
two.wiki,premium,80,24%,3,Mathematics,10/10/2019 14:18,10/10/2025 23:59,Alibaba Cloud Computing Ltd. d/b/a HiChina (www.net.cn)
nine.wiki,resell,80,24%,4,"General,Mathematics",26/12/2024 01:55,26/12/2025 01:55,"Spaceship, Inc."
yard.wiki,expiring,80,26%,4,"Construction,General",16/09/2023 00:19,16/09/2025 00:19,Key-Systems LLC
trio.wiki,available,80,21%,4,Entertainment,,,
worshipful.wiki,available,80,1%,10,"Education,Healthcare,Religion",,,
forty.wiki,available,80,9%,5,Mathematics,,,
sequent.wiki,available,80,7%,7,"Healthcare,Insurance,Transportation",,,
some.wiki,expired,80,32%,4,"Business,Media,Retail",09/06/2024 02:42,09/06/2025 02:42,"Spaceship, Inc."
superstar.wiki,available,80,18%,9,Entertainment,,,
absorbable.wiki,available,80,0%,10,"Healthcare,Pharmaceuticals,Science",,,
seventh.wiki,available,80,10%,7,Mathematics,,,
sixtynine.wiki,available,78,8%,10,Mathematics,,,
recognized.wiki,available,78,3%,10,"Business,Education,Technology",,,
absorptive.wiki,available,78,1%,10,"Healthcare,Manufacturing,Retail",,,
abounding.wiki,available,78,2%,9,Agriculture,,,
accepted.wiki,available,78,6%,8,"Business,Education,Technology",,,
acceptant.wiki,available,78,1%,9,"Education,Healthcare",,,
adjacent.wiki,available,78,9%,8,"Construction,Real Estate,Retail",,,
athletic.wiki,available,78,15%,8,"Health and Fitness,Sports",,,
acceptable.wiki,available,78,5%,10,"Business,Hospitality,Retail",,,
honestly.wiki,available,78,9%,8,"Business,Law",,,
accurate.wiki,available,78,16%,8,"Engineering,Mathematics,Science",,,
accessible.wiki,resell,78,21%,10,"Healthcare,Retail,Technology",02/03/2025 07:11,02/03/2026 07:11,"Spaceship, Inc."
twentysix.wiki,available,78,8%,10,Mathematics,,,
recognised.wiki,available,78,3%,10,"Business,Education,Technology",,,
adorable.wiki,available,78,8%,8,"Entertainment,Fashion,Retail",,,
abkhazian.wiki,available,78,1%,9,Geography,,,
abkhasian.wiki,available,78,1%,9,Geography,,,
dormant.wiki,available,78,4%,7,"Medicine,Science",,,
adrenal.wiki,available,78,4%,7,"Education,Healthcare,Science",,,
diamond.wiki,available,76,32%,7,Fashion,,,
eighteen.wiki,available,76,7%,8,Mathematics,,,
thirteenth.wiki,available,76,4%,10,Mathematics,,,
ancillary.wiki,available,76,6%,9,"Healthcare,Manufacturing,Technology",,,
ague.wiki,available,76,2%,4,"Geography,Medicine,Science",,,
acoustic.wiki,available,76,14%,8,Science,,,
adhesive.wiki,available,76,7%,8,"Construction,Manufacturing,Technology",,,
energizing.wiki,available,76,3%,10,"Food and Beverage,Health and Fitness,Travel",,,
ventral.wiki,available,76,3%,7,Science,,,
adipose.wiki,available,76,2%,7,"Healthcare,Science",,,
firstrate.wiki,available,76,6%,10,Business,,,
threed.wiki,available,76,7%,7,Technology,,,
fourteenth.wiki,available,76,1%,10,Mathematics,,,
nineteenth.wiki,available,76,3%,10,Mathematics,,,
adherent.wiki,available,76,4%,8,"Politics,Religion",,,
adaptable.wiki,available,76,9%,9,"Business,Education,Technology",,,
incidental.wiki,available,76,4%,10,"Healthcare,Insurance,Transportation",,,
hundredth.wiki,available,76,1%,9,Mathematics,,,
thousandth.wiki,available,76,1%,10,Mathematics,,,
abrasive.wiki,available,76,6%,8,"Construction,Manufacturing",,,
obscene.wiki,available,76,5%,7,"Entertainment,Media",,,
fifteenth.wiki,available,76,2%,9,Mathematics,,,
improvise.wiki,available,76,4%,9,Entertainment,,,
resultant.wiki,available,76,2%,9,"Healthcare,Insurance,Transportation",,,
auxiliary.wiki,available,76,7%,9,"Healthcare,Manufacturing,Technology",,,
addable.wiki,available,76,2%,7,"Engineering,Mathematics,Science",,,
adamant.wiki,available,74,14%,7,Religion,,,
sensation.wiki,available,74,7%,9,"Entertainment,Media,Sports",,,
adrenergic.wiki,available,74,1%,10,"Education,Healthcare,Science",,,
activated.wiki,available,74,9%,9,"Healthcare,Manufacturing,Technology",,,
single.wiki,available,74,19%,6,Sports,,,
broad.wiki,available,74,13%,5,"Entertainment,General,Media",,,
realizable.wiki,available,74,1%,10,"Business,Education,Technology",,,
adenoid.wiki,available,74,1%,7,"Health and Fitness,Medicine,Science",,,
manageable.wiki,available,74,4%,10,"Business,Education,Technology",,,
acuate.wiki,available,74,2%,6,"Engineering,Medicine,Science",,,
adapted.wiki,available,74,6%,7,"Healthcare,Manufacturing,Technology",,,
aberrant.wiki,available,74,6%,8,"Medicine,Science",,,
cleared.wiki,available,74,7%,7,"Healthcare,Law,Transportation",,,
accepting.wiki,available,74,3%,9,"Education,Healthcare",,,
achievable.wiki,available,74,4%,10,"Business,Education,Technology",,,
admirable.wiki,available,74,5%,9,"Business,Education,Healthcare",,,
skilful.wiki,available,74,3%,7,"Education,Health and Fitness,Sports",,,
mavin.wiki,available,74,7%,5,"Entertainment,Fashion,Technology",,,
supra.wiki,resell,74,25%,5,"Medicine,Science",29/07/2017 12:47,29/07/2026 23:59,"NameCheap, Inc."
existent.wiki,available,72,3%,8,"Mathematics,Science",,,
absorbed.wiki,available,72,2%,8,"Entertainment,Media,Technology",,,
engrossed.wiki,available,72,1%,9,"Entertainment,Media,Technology",,,
adiabatic.wiki,available,72,3%,9,"Engineering,Science",,,
addicted.wiki,available,72,9%,8,Healthcare,,,
eightieth.wiki,available,72,1%,9,Mathematics,,,
sixtieth.wiki,available,72,1%,8,Mathematics,,,
seventieth.wiki,available,72,1%,10,Mathematics,,,
adjunctive.wiki,available,72,1%,10,"Healthcare,Manufacturing,Technology",,,
ablaze.wiki,available,72,6%,6,Entertainment,,,
improvize.wiki,available,72,1%,9,Entertainment,,,
trey.wiki,available,72,14%,4,Sports,,,
accustomed.wiki,available,72,1%,10,"Business,Education,Humanities",,,
absolutist.wiki,available,72,1%,10,"Humanities,Law,Politics",,,
ninetieth.wiki,available,72,1%,9,Mathematics,,,
abreast.wiki,available,72,2%,7,"Business,Technology",,,
accusative.wiki,available,72,0%,10,"Humanities,Law",,,
adjectival.wiki,available,72,1%,10,Education,,,
abloom.wiki,available,72,5%,6,Agriculture,,,
adonic.wiki,available,72,2%,6,"Arts,Education,Entertainment",,,
adaptative.wiki,available,72,1%,10,"Business,Education,Technology",,,
gymnastic.wiki,available,70,3%,9,"Entertainment,Sports",,,
accumbent.wiki,available,70,1%,9,"Healthcare,Medicine,Science",,,
absorbing.wiki,available,70,3%,9,"Entertainment,Media,Technology",,,
abradant.wiki,available,70,1%,8,"Construction,Manufacturing",,,
admired.wiki,available,70,5%,7,"Business,Education,Healthcare",,,
practiced.wiki,available,70,3%,9,"Education,Health and Fitness,Sports",,,
adjusted.wiki,available,70,5%,8,"Manufacturing,Retail,Technology",,,
stillborn.wiki,available,70,2%,9,"Medicine,Science",,,
offhand.wiki,available,70,2%,7,Entertainment,,,
miserable.wiki,available,70,4%,9,Humanities,,,
adamantine.wiki,available,70,4%,10,Religion,,,
lowdown.wiki,available,70,6%,8,"Entertainment,Media",,,
consequent.wiki,available,70,3%,10,"Business,Education,General,Technology",,,
recumbent.wiki,available,70,2%,9,"Healthcare,Medicine,Science",,,
acuminate.wiki,available,70,1%,9,"Engineering,Medicine,Science",,,
adored.wiki,available,70,6%,6,"Entertainment,Fashion,Retail",,,
abulic.wiki,available,70,1%,6,Medicine,,,
skillful.wiki,available,70,9%,8,"Education,Health and Fitness,Sports",,,
achaean.wiki,available,68,2%,7,Humanities,,,
acerate.wiki,available,68,1%,7,Science,,,
stygian.wiki,available,68,5%,7,Humanities,,,
septenary.wiki,available,68,1%,9,Mathematics,,,
overseas.wiki,available,68,12%,8,"Hospitality,Travel",,,
aroused.wiki,available,68,3%,7,"Entertainment,Health and Fitness",,,
aculeate.wiki,available,68,1%,8,"Engineering,Medicine,Science",,,
licensed.wiki,available,68,5%,8,"Business,Healthcare,Insurance",,,
foursome.wiki,available,68,4%,8,Sports,,,
aberdonian.wiki,available,68,1%,10,Geography,,,
octonary.wiki,available,68,1%,8,Mathematics,,,
threesome.wiki,available,68,5%,9,Entertainment,,,
ane.wiki,available,68,12%,3,Mathematics,,,
scurvy.wiki,available,68,3%,6,Humanities,,,
vindicated.wiki,available,68,2%,10,"Humanities,Law,Politics",,,
ablative.wiki,available,68,3%,8,Science,,,
achaian.wiki,available,68,2%,7,Humanities,,,
fiftieth.wiki,available,68,0%,8,Mathematics,,,
ennead.wiki,available,68,5%,6,Mathematics,,,
accredited.wiki,available,68,9%,10,"Business,Education,Healthcare",,,
sevener.wiki,available,68,1%,7,Mathematics,,,
thirtieth.wiki,available,68,1%,9,Mathematics,,,
decorated.wiki,available,68,3%,9,"Entertainment,Fashion,Retail",,,
fortieth.wiki,available,68,0%,8,Mathematics,,,
abnaki.wiki,available,68,1%,6,Geography,,,
activating.wiki,available,68,3%,10,"Healthcare,Manufacturing,Technology",,,
abkhas.wiki,available,68,0%,6,Geography,,,
licenced.wiki,available,68,2%,8,"Business,Healthcare,Insurance",,,
abducent.wiki,available,68,0%,8,Medicine,,,
disciple.wiki,available,68,14%,8,"Education,Religion",,,
century.wiki,expired,66,17%,7,Education,18/07/2024 15:43,18/07/2025 15:43,"NameCheap, Inc."
acervate.wiki,available,66,1%,8,Science,,,
xviii.wiki,available,66,5%,5,Mathematics,,,
xxii.wiki,available,66,6%,4,Mathematics,,,
ninety.wiki,available,66,11%,6,Mathematics,,,
thirty.wiki,available,66,8%,6,Mathematics,,,
tenner.wiki,available,66,5%,6,Finance,,,
xxi.wiki,available,66,10%,3,Mathematics,,,
adorned.wiki,available,66,5%,7,"Entertainment,Fashion,Retail",,,
modish.wiki,available,66,5%,6,Fashion,,,
teenager.wiki,available,66,4%,8,"Education,Entertainment,Healthcare",,,
sextet.wiki,available,66,1%,6,Entertainment,,,
four.wiki,available,66,27%,4,Mathematics,,,
buzzing.wiki,available,66,7%,7,"Entertainment,Media,Technology",,,
onec.wiki,available,66,6%,5,Mathematics,,,
xvi.wiki,available,66,5%,3,Mathematics,,,
deuce.wiki,available,66,9%,5,Sports,,,
according.wiki,available,66,3%,9,"Business,Education,Technology",,,
exonerated.wiki,available,66,2%,10,"Humanities,Law,Politics",,,
xiii.wiki,available,66,9%,4,Mathematics,,,
performing.wiki,available,66,6%,10,Entertainment,,,
xxv.wiki,available,66,6%,3,Mathematics,,,
abstinent.wiki,available,66,1%,9,"Health and Fitness,Religion",,,
accessary.wiki,available,66,1%,9,"Business,Law,Technology",,,
latest.wiki,expired,66,18%,6,Technology,28/06/2022 08:30,28/06/2025 08:30,"NameCheap, Inc."
fifty.wiki,available,66,12%,5,Mathematics,,,
xxvi.wiki,available,66,3%,4,Mathematics,,,
acrobatic.wiki,available,66,4%,9,"Entertainment,Sports",,,
xvii.wiki,available,66,5%,4,Mathematics,,,
xii.wiki,available,66,10%,3,Mathematics,,,
eighty.wiki,available,66,6%,6,Mathematics,,,
clv.wiki,available,66,10%,3,Mathematics,,,
adopted.wiki,available,66,4%,7,"Education,Healthcare",,,
aflame.wiki,available,64,3%,6,Entertainment,,,
astringent.wiki,available,64,1%,10,"Healthcare,Pharmaceuticals",,,
nondrinker.wiki,available,64,1%,10,"Health and Fitness,Religion",,,
accordant.wiki,available,64,3%,9,"Arts,Entertainment",,,
scatty.wiki,available,64,1%,6,"Arts,Entertainment,Media",,,
acentric.wiki,available,64,2%,8,Science,,,
ccc.wiki,expired,64,38%,3,Mathematics,30/06/2017 22:32,30/06/2025 23:59,Alibaba Cloud Computing Ltd. d/b/a HiChina (www.net.cn)
deviant.wiki,available,64,12%,7,"Medicine,Science",,,
absolved.wiki,available,64,1%,8,"Humanities,Law,Religion",,,
adagio.wiki,available,64,14%,6,Entertainment,,,
pungent.wiki,available,62,1%,7,Food and Beverage,,,
longdozen.wiki,available,62,2%,10,Mathematics,,,
wrapped.wiki,available,62,13%,7,"Fashion,Hospitality,Retail",,,
quartet.wiki,available,62,7%,7,"Arts,Entertainment",,,
playacting.wiki,available,62,1%,10,Entertainment,,,
abo.wiki,resell,62,15%,3,Science,16/08/2025 20:05,16/08/2026 20:05,"Spaceship, Inc."
orso.wiki,available,62,9%,5,"Business,Media,Technology",,,
accusing.wiki,available,62,1%,8,Law,,,
admissible.wiki,available,62,1%,10,"Education,Healthcare,Law",,,
exculpated.wiki,available,62,1%,10,"Humanities,Law,Politics",,,
eighteenth.wiki,available,62,1%,10,Mathematics,,,
adoptive.wiki,available,62,1%,8,"Education,Healthcare",,,
activation.wiki,available,62,16%,10,"Healthcare,Manufacturing,Technology",,,
cumulative.wiki,available,62,2%,10,"Banking,Finance,Insurance",,,
ensuant.wiki,available,62,1%,7,"Healthcare,Insurance,Transportation",,,
aufait.wiki,available,62,3%,7,"Fashion,Media",,,
sixteenth.wiki,available,62,1%,9,Mathematics,,,
chiliad.wiki,available,62,2%,7,Mathematics,,,
nail.wiki,available,62,16%,4,"Construction,Fashion,General,Retail",,,
aborigine.wiki,available,62,1%,9,Humanities,,,
accrued.wiki,available,62,2%,7,"Banking,Finance,Insurance",,,
activistic.wiki,available,62,1%,10,"Humanities,Politics",,,
eleventh.wiki,available,62,5%,8,Mathematics,,,
twodozen.wiki,available,62,1%,9,Mathematics,,,
fortyfour.wiki,available,62,6%,10,Mathematics,,,
roughly.wiki,available,62,3%,7,"Business,Media,Technology",,,
acidic.wiki,available,62,5%,6,"Food and Beverage,Science",,,
sixty.wiki,available,60,13%,5,Mathematics,,,
abstemious.wiki,available,60,0%,10,"Food and Beverage,Health and Fitness,Hospitality",,,
octet.wiki,available,60,12%,5,Arts,,,
clxxx.wiki,available,60,1%,5,Mathematics,,,
clxv.wiki,available,60,1%,4,Mathematics,,,
clx.wiki,expired,60,10%,3,Mathematics,02/07/2023 07:20,02/07/2025 07:20,Alibaba Cloud Computing Ltd. d/b/a HiChina (www.net.cn)
annexal.wiki,available,60,1%,7,"Agriculture,Manufacturing,Retail",,,
cxxv.wiki,available,60,1%,4,Mathematics,,,
cxxxv.wiki,available,60,2%,5,Mathematics,,,
adnexal.wiki,available,60,1%,7,"Agriculture,Manufacturing,Retail",,,
eightysix.wiki,available,60,7%,10,Mathematics,,,
acceptive.wiki,available,60,1%,9,"Education,Healthcare",,,
cxx.wiki,available,60,10%,3,Mathematics,,,
clxxv.wiki,available,60,1%,5,Mathematics,,,
adnate.wiki,available,60,1%,6,"Agriculture,Manufacturing,Retail",,,
cxlv.wiki,available,60,2%,4,Mathematics,,,
cxxx.wiki,available,60,4%,4,Mathematics,,,
aboveboard.wiki,available,60,5%,10,"Business,Law",,,
cxv.wiki,available,60,4%,3,Mathematics,,,
tertiary.wiki,available,60,4%,8,Education,,,
cautionary.wiki,available,60,1%,10,"Business,Education,Healthcare",,,
idolised.wiki,available,60,1%,8,"Entertainment,Fashion,Retail",,,
cxl.wiki,available,60,7%,3,Mathematics,,,
paunchy.wiki,available,60,0%,7,"Health and Fitness,Medicine",,,
abashed.wiki,available,60,1%,7,Humanities,,,
idolized.wiki,available,60,3%,8,"Entertainment,Fashion,Retail",,,
clxx.wiki,available,60,3%,4,Mathematics,,,
abstainer.wiki,available,60,0%,9,"Health and Fitness,Religion",,,
tercet.wiki,available,59,2%,6,"Arts,Entertainment,Media",,,
fifth.wiki,available,58,12%,5,Mathematics,,,
abused.wiki,available,58,5%,6,"Healthcare,Law",,,
adjustive.wiki,available,58,1%,9,"Manufacturing,Retail,Technology",,,
addressed.wiki,available,58,3%,9,"Business,Technology,Telecommunications",,,
offhanded.wiki,available,58,1%,9,Entertainment,,,
lxxx.wiki,available,58,2%,4,Mathematics,,,
abuzz.wiki,available,58,5%,5,"Entertainment,Media,Technology",,,
eighter.wiki,available,58,2%,7,Mathematics,,,
pentad.wiki,available,58,2%,6,Mathematics,,,
quintet.wiki,available,58,8%,7,"Arts,Entertainment",,,
accretive.wiki,available,58,6%,9,"Banking,Finance,Insurance",,,
tetrad.wiki,available,58,5%,6,Mathematics,,,
enwrapped.wiki,available,58,0%,9,"Entertainment,Fashion,Media",,,
abridged.wiki,available,58,4%,8,Media,,,
closeto.wiki,available,58,3%,8,"Business,Media,Technology",,,
acyclic.wiki,available,58,4%,7,"Engineering,Mathematics,Science",,,
justabout.wiki,available,58,3%,10,"Business,Media,Technology",,,
acetic.wiki,available,58,1%,6,"Food and Beverage,Science",,,
cypher.wiki,expired,58,29%,6,Mathematics,21/06/2024 16:13,21/06/2025 16:13,"Spaceship, Inc."
aucourant.wiki,available,58,3%,10,"Fashion,Media",,,
sixtyone.wiki,available,58,3%,9,Mathematics,,,
seventy.wiki,available,58,7%,7,Mathematics,,,
abandoned.wiki,available,58,10%,9,"Construction,Real Estate",,,
ache.wiki,available,58,7%,4,Healthcare,,,
addible.wiki,available,58,2%,7,"Engineering,Mathematics,Science",,,
fourth.wiki,available,58,13%,6,Mathematics,,,
linear.wiki,expired,58,22%,6,"Engineering,Mathematics,Science",14/06/2024 09:51,14/06/2025 09:51,Alibaba Cloud Computing Ltd. d/b/a HiChina (www.net.cn)
sixer.wiki,available,58,5%,5,Sports,,,
niner.wiki,available,58,5%,5,Mathematics,,,
accented.wiki,available,58,3%,8,"Arts,Entertainment",,,
heptad.wiki,available,58,1%,6,Mathematics,,,
adient.wiki,available,58,4%,6,"Medicine,Science",,,
fourscore.wiki,available,58,4%,9,Mathematics,,,
actuarial.wiki,available,58,8%,9,"Finance,Insurance,Mathematics",,,
centesimal.wiki,available,58,1%,10,Mathematics,,,
octad.wiki,available,58,5%,5,Mathematics,,,
adhoc.wiki,available,58,24%,6,"Business,Engineering,Technology",,,
lxxviii.wiki,available,58,1%,7,Mathematics,,,
seven.wiki,expiring,58,36%,5,Mathematics,29/08/2020 16:36,29/08/2025 23:59,"NameCheap, Inc."
sextuplet.wiki,available,58,1%,9,Healthcare,,,
hexad.wiki,available,58,4%,5,Mathematics,,,
twelfth.wiki,available,58,2%,7,Mathematics,,,
accoutred.wiki,available,58,1%,9,"Fashion,Manufacturing,Retail",,,
alacarte.wiki,available,58,11%,10,Food and Beverage,,,
fiftyfive.wiki,available,56,7%,10,Mathematics,,,
xlviii.wiki,available,56,1%,6,Mathematics,,,
xxxi.wiki,available,56,9%,4,Mathematics,,,
fortysix.wiki,available,56,3%,9,Mathematics,,,
thirtysix.wiki,available,56,5%,10,Mathematics,,,
halfdozen.wiki,available,56,1%,10,Mathematics,,,
xlii.wiki,available,56,5%,4,Mathematics,,,
aone.wiki,available,56,15%,5,Food and Beverage,,,
xxxviii.wiki,available,56,1%,7,Mathematics,,,
xliv.wiki,available,56,2%,4,Mathematics,,,
admittible.wiki,available,56,1%,10,"Education,Healthcare,Hospitality",,,
fiftysix.wiki,available,56,4%,9,Mathematics,,,
lviii.wiki,available,56,1%,5,Mathematics,,,
admissive.wiki,available,56,1%,9,"Education,Healthcare,Hospitality",,,
xxxiv.wiki,available,56,1%,5,Mathematics,,,
lvi.wiki,available,56,8%,3,Mathematics,,,
addled.wiki,available,56,2%,6,Entertainment,,,
abdominous.wiki,available,56,0%,10,"Health and Fitness,Medicine",,,
maledict.wiki,available,56,1%,8,Religion,,,
fortytwo.wiki,available,56,17%,9,Mathematics,,,
xxiii.wiki,available,56,5%,5,Mathematics,,,
xxviii.wiki,available,56,1%,6,Mathematics,,,
xlv.wiki,available,56,6%,3,Mathematics,,,
xxix.wiki,available,56,4%,4,Mathematics,,,
fiftynine.wiki,available,56,4%,10,Mathematics,,,
appressed.wiki,available,56,0%,9,"Agriculture,Manufacturing,Retail",,,
xxxvii.wiki,available,56,2%,6,Mathematics,,,
xliii.wiki,available,56,1%,5,Mathematics,,,
liii.wiki,available,56,4%,4,Mathematics,,,
accoutered.wiki,available,56,0%,10,"Fashion,Manufacturing,Retail",,,
xxvii.wiki,available,56,3%,5,Mathematics,,,
xlvii.wiki,available,56,2%,5,Mathematics,,,
lii.wiki,available,56,7%,3,Mathematics,,,
fiftytwo.wiki,available,56,6%,9,Mathematics,,,
xxxv.wiki,available,56,4%,4,Mathematics,,,
potbellied.wiki,available,56,0%,10,"Health and Fitness,Medicine",,,
xxiv.wiki,available,56,5%,4,Mathematics,,,
admittable.wiki,available,56,1%,10,"Education,Healthcare,Hospitality",,,
ilx.wiki,available,56,5%,3,Mathematics,,,
xlvi.wiki,available,56,3%,4,Mathematics,,,
thirtyone.wiki,available,56,5%,10,Mathematics,,,
fortyone.wiki,available,56,4%,9,Mathematics,,,
triad.wiki,available,56,15%,5,Arts,,,
abeyant.wiki,available,56,1%,7,"Business,Law",,,
terzetto.wiki,available,56,3%,8,Arts,,,
xxxiii.wiki,available,56,2%,6,Mathematics,,,
xxxvi.wiki,available,56,1%,5,Mathematics,,,
thirtytwo.wiki,available,56,5%,10,Mathematics,,,
fiftyfour.wiki,available,56,3%,10,Mathematics,,,
fortynine.wiki,available,56,3%,10,Mathematics,,,
fiftyone.wiki,available,56,7%,9,Mathematics,,,
lvii.wiki,available,56,1%,4,Mathematics,,,
xli.wiki,available,56,5%,3,Mathematics,,,
xxxii.wiki,available,56,1%,5,Mathematics,,,
vii.wiki,available,54,13%,3,Mathematics,,,
fin.wiki,resell,54,30%,3,Finance,04/06/2021 08:21,04/06/2026 23:59,"DNSPod, Inc."
actuated.wiki,available,54,2%,8,"Automotive,Manufacturing,Technology",,,
acoustical.wiki,available,54,4%,10,Science,,,
accentual.wiki,available,54,3%,9,"Arts,Entertainment",,,
threescore.wiki,available,54,1%,10,Mathematics,,,
achy.wiki,available,54,3%,4,Healthcare,,,
abasic.wiki,available,54,1%,6,Science,,,
quadruplet.wiki,available,54,1%,10,"Healthcare,Medicine,Science",,,
admonitory.wiki,available,54,0%,10,"Business,Education,Healthcare",,,
abatic.wiki,available,54,1%,6,Science,,,
quatern.wiki,available,54,2%,7,Mathematics,,,
adducent.wiki,available,54,1%,8,"Engineering,Mathematics,Science",,,
monitory.wiki,available,54,3%,8,"Business,Education,Healthcare",,,
aboral.wiki,available,54,2%,6,Science,,,
abhorrent.wiki,available,54,1%,9,Humanities,,,
adductive.wiki,available,54,0%,9,"Engineering,Mathematics,Science",,,
fortyfive.wiki,available,54,4%,10,Mathematics,,,
deuceace.wiki,available,54,2%,9,Sports,,,
quintuplet.wiki,available,54,1%,10,"Healthcare,Medicine,Science",,,
topnotch.wiki,available,54,18%,8,Business,,,
adaxial.wiki,available,54,2%,7,Science,,,
abient.wiki,available,54,1%,6,Science,,,
deserted.wiki,available,54,3%,8,"Hospitality,Real Estate",,,
abaxial.wiki,available,54,1%,7,Science,,,
abatable.wiki,available,54,1%,8,Law,,,
quaternity.wiki,available,54,4%,10,Mathematics,,,
adpressed.wiki,available,54,0%,9,"Agriculture,Manufacturing,Retail",,,
unnatural.wiki,available,54,4%,9,"Medicine,Science",,,
accursed.wiki,available,54,3%,8,"Entertainment,Media,Religion",,,
scratchy.wiki,available,54,3%,8,Fashion,,,
ternion.wiki,available,54,3%,7,Mathematics,,,
twoscore.wiki,available,54,2%,8,Mathematics,,,
abducens.wiki,available,54,1%,8,Medicine,,,
adjuratory.wiki,available,54,0%,10,"Law,Politics,Religion",,,
achromatic.wiki,available,54,4%,10,Science,,,
adducting.wiki,available,54,1%,9,"Engineering,Mathematics,Science",,,
sise.wiki,available,54,5%,4,Mathematics,,,
sestet.wiki,available,53,1%,6,Arts,,,
septet.wiki,available,53,1%,6,General,,,
xxx.wiki,available,53,30%,3,"Arts,Entertainment,Media",,,
littlejoe.wiki,available,52,2%,10,"Entertainment,Media",,,
ninetyone.wiki,available,52,5%,10,Mathematics,,,
lxxi.wiki,available,52,1%,4,Mathematics,,,
decumbent.wiki,available,52,1%,9,"Healthcare,Medicine,Science",,,
adenoidal.wiki,available,52,1%,9,"Health and Fitness,Medicine,Science",,,
abstruse.wiki,available,52,5%,8,"Humanities,Mathematics,Science",,,
xcii.wiki,available,52,2%,4,Mathematics,,,
sixtyfive.wiki,available,52,3%,10,Mathematics,,,
xciii.wiki,available,52,1%,5,Mathematics,,,
xcviii.wiki,available,52,1%,6,Mathematics,,,
lxiv.wiki,available,52,3%,4,Mathematics,,,
lxvii.wiki,available,52,1%,5,Mathematics,,,
lxxxiv.wiki,available,52,1%,6,Mathematics,,,
ninetytwo.wiki,available,52,4%,10,Mathematics,,,
lxxiv.wiki,available,52,1%,5,Mathematics,,,
lxii.wiki,available,52,1%,4,Mathematics,,,
abominable.wiki,available,52,2%,10,"Entertainment,Humanities",,,
lxxxvi.wiki,available,52,1%,6,Mathematics,,,
lxiii.wiki,available,52,2%,5,Mathematics,,,
lxviii.wiki,available,52,1%,6,Mathematics,,,
lxvi.wiki,available,52,3%,4,Mathematics,,,
ninetysix.wiki,available,52,4%,10,Mathematics,,,
detestable.wiki,available,52,1%,10,Humanities,,,
xcvii.wiki,available,52,1%,5,Mathematics,,,
repugnant.wiki,available,52,1%,9,Humanities,,,
abusive.wiki,available,52,3%,7,"Healthcare,Law",,,
lxxiii.wiki,available,52,1%,6,Mathematics,,,
sixtyfour.wiki,available,52,3%,10,Mathematics,,,
lxxvi.wiki,available,52,1%,5,Mathematics,,,
lxxv.wiki,available,52,1%,4,Mathematics,,,
eightyone.wiki,available,52,3%,10,Mathematics,,,
sixtysix.wiki,available,52,4%,9,Mathematics,,,
abysmal.wiki,available,52,4%,7,"Arts,Entertainment,Media",,,
xcvi.wiki,available,52,2%,4,Mathematics,,,
odious.wiki,available,52,2%,6,"Entertainment,Humanities",,,
lxxxvii.wiki,available,52,1%,7,Mathematics,,,
xci.wiki,available,52,4%,3,Mathematics,,,
lxxvii.wiki,available,52,2%,6,Mathematics,,,
lxi.wiki,available,52,5%,3,Mathematics,,,
ablated.wiki,available,52,1%,7,Science,,,
xciv.wiki,available,52,2%,4,Mathematics,,,
eightytwo.wiki,available,52,4%,10,Mathematics,,,
ixc.wiki,available,52,5%,3,Mathematics,,,
lxxxi.wiki,available,52,1%,5,Mathematics,,,
tierce.wiki,available,52,3%,6,General,,,
sixtytwo.wiki,available,52,3%,9,Mathematics,,,
aboulic.wiki,available,52,1%,7,Medicine,,,
lxv.wiki,available,52,5%,3,Mathematics,,,
lxxii.wiki,available,52,1%,5,Mathematics,,,
repulsive.wiki,available,52,1%,9,Humanities,,,
lxxxii.wiki,available,52,1%,6,Mathematics,,,
lxxxv.wiki,available,52,1%,5,Mathematics,,,
chagrined.wiki,available,52,1%,9,Humanities,,,
uphill.wiki,available,52,7%,6,"Sports,Transportation,Travel",,,
lxxxiii.wiki,available,52,1%,7,Mathematics,,,
abbatial.wiki,available,50,0%,8,Religion,,,
adhominem.wiki,available,50,2%,10,"Humanities,Law,Politics",,,
trine.wiki,available,50,11%,5,"General,Religion",,,
acellular.wiki,available,50,1%,9,Science,,,
adactylous.wiki,available,50,0%,10,Science,,,
abdicable.wiki,available,50,0%,9,Law,,,
abactinal.wiki,available,50,0%,9,Science,,,
acapnotic.wiki,available,50,0%,9,"Healthcare,Medicine,Science",,,
aculeated.wiki,available,50,0%,9,"Engineering,Medicine,Science",,,
acapnic.wiki,available,50,0%,7,"Healthcare,Medicine,Science",,,
gillless.wiki,available,50,0%,9,Science,,,
ogdoad.wiki,available,50,1%,6,Mathematics,,,
abomasal.wiki,available,50,0%,8,Agriculture,,,
acetose.wiki,available,50,1%,7,Science,,,
vinegary.wiki,available,50,1%,8,Food and Beverage,,,
abranchial.wiki,available,50,0%,10,Science,,,
acerbic.wiki,available,50,2%,7,"Arts,Humanities,Media",,,
quint.wiki,available,50,13%,5,"Arts,Entertainment",,,
acaudal.wiki,available,50,1%,7,"Agriculture,Science",,,
cinque.wiki,available,50,7%,6,Mathematics,,,
broached.wiki,available,50,0%,8,Food and Beverage,,,
needlelike.wiki,available,50,0%,10,"Engineering,Medicine,Science",,,
spinous.wiki,available,50,1%,7,"Agriculture,Science",,,
triplet.wiki,available,50,8%,7,Science,,,
acetous.wiki,available,50,1%,7,Science,,,
aborticide.wiki,available,50,0%,10,Medicine,,,
abducting.wiki,available,50,0%,9,Medicine,,,
acerose.wiki,available,50,1%,7,Science,,,
lxx.wiki,expired,50,5%,3,Mathematics,09/08/2019 12:52,09/08/2025 23:59,Alibaba Cloud Computing Ltd. d/b/a HiChina (www.net.cn)
acquitted.wiki,available,50,1%,9,Law,,,
scummy.wiki,available,50,1%,6,Humanities,,,
notguilty.wiki,available,48,5%,10,Law,,,
execrable.wiki,available,48,0%,9,"Entertainment,Humanities",,,
ilxxx.wiki,available,48,1%,5,Mathematics,,,
ilxx.wiki,available,48,1%,4,Mathematics,,,
abstracted.wiki,available,48,5%,10,"Arts,Humanities,Science",,,
abyssal.wiki,expiring,48,12%,7,"Arts,Entertainment,Media",10/09/2023 17:20,10/09/2025 17:20,Porkbun
apriori.wiki,available,48,13%,8,Mathematics,,,
lxxxviii.wiki,available,48,1%,8,Mathematics,,,
acetabular.wiki,available,46,1%,10,Science,,,
acanthous.wiki,available,46,0%,9,"Agriculture,Science",,,
achenial.wiki,available,46,1%,8,Science,,,
acarpelous.wiki,available,46,0%,10,"Agriculture,Science",,,
acarpous.wiki,available,46,0%,8,"Agriculture,Science",,,
theabsurd.wiki,available,46,1%,10,"Arts,Entertainment,Media",,,
acanthoid.wiki,available,46,1%,9,"Agriculture,Science",,,
acicular.wiki,available,46,2%,8,Science,,,
acetylenic.wiki,available,46,1%,10,Science,,,
acetonic.wiki,available,46,1%,8,Science,,,
acephalous.wiki,available,46,1%,10,Science,,,
quaternary.wiki,available,46,3%,10,Mathematics,,,
acetylic.wiki,available,46,1%,8,Science,,,
achromous.wiki,available,46,1%,9,Science,,,
cotyloid.wiki,available,46,1%,8,Science,,,
acaudate.wiki,available,46,1%,8,"Agriculture,Science",,,
acanthotic.wiki,available,46,0%,10,"Agriculture,Science",,,
achromic.wiki,available,46,2%,8,Science,,,
vinegarish.wiki,available,46,1%,10,Food and Beverage,,,
stripling.wiki,available,46,2%,9,"Education,Entertainment,Healthcare",,,
acapnial.wiki,available,46,0%,8,"Healthcare,Medicine,Science",,,
acheronian.wiki,available,46,1%,10,Humanities,,,
stemless.wiki,available,46,2%,8,"Agriculture,Science",,,
acherontic.wiki,available,44,1%,10,Humanities,,,
cotyloidal.wiki,available,44,1%,10,Science,,,
accusatory.wiki,available,44,1%,10,Law,,,
phoebe.wiki,available,41,14%,6,Science,,,
abscessed.wiki,available,41,0%,9,Healthcare,,,
accusive.wiki,available,40,1%,8,Law,,,
scurrilous.wiki,available,40,1%,10,"Entertainment,Media,Politics",,,
accurst.wiki,available,40,1%,7,Religion,,,